{"7PU841LW_-3999-1133942596_2989":{"body":770.0863037109375,"engine":661.125},"20CVF089_22160-1290152861_4995":{"body":1000.0,"engine":1000.0},"6PH859ZQ_11661-1006082863_2166":{"body":826.8541870117188,"engine":616.8272094726563},"6PH859ZQ_14108-1020532862_5155":{"body":826.8541870117188,"engine":616.8272094726563},"6PH859ZQ_21450-1036082860_8316":{"body":845.6788940429688,"engine":645.0642700195313},"00UXS778_-5959-939152900_8937":{"body":999.4542236328124,"engine":1000.0},"84HMV009_19720-934873025_7072":{"body":736.5994873046875,"engine":610.8939208984375},"6PH859ZQ_26971-905012824_9868":{"body":845.6788940429688,"engine":645.0642700195313},"67POZ423_26265-872842881_3991":{"body":0.0,"engine":0.0},"6PH859ZQ_21718-1044582861_1368":{"body":800.0,"engine":645.4403076171875},"6PH859ZQ_14359-1006162863_5066":{"body":826.8541870117188,"engine":616.8272094726563},"6PH859ZQ_11288-1002302863_3156":{"body":826.8541870117188,"engine":616.8272094726563},"81SJW464_22521-1270162896_6011":{"body":577.22607421875,"engine":799.3980712890625},"29DZY983_13027-1400902862_3541":{"body":798.2885131835938,"engine":632.217529296875},"7IJ519FW_25060-846882900_5741":{"body":772.1906127929688,"engine":661.125},"6PH859ZQ_22646-794342992_6684":{"body":854.272705078125,"engine":645.0642700195313}}